"名称","住所","現場責任者（建設部）","路線","地名起点","地名終点","業者（名称）","規制原因","規制状況","方向区分","規制開始日時","規制終了日時","報告者（建設部）","路面状況_1","路面状況_2","曜日_1","曜日_2","時間_1","時間_2","車両_1","車両_2","迂回路の有無","迂回路（名称）","備考","経度","緯度","分類"
"一般県道 日置川すさみ線　西牟婁郡白浜町日置(全面通行止)","","","一般県道 日置川すさみ線","西牟婁郡白浜町日置","西牟婁郡白浜町日置","","その他","全面通行止","","2011/09/09 17:0:0","未定","西牟婁建設部","その他","橋梁損傷","","","終日","","","","有","国道42号","","135.451071318048","33.569561862499","通行止"
"一般県道 日置川すさみ線　西牟婁郡白浜町日置(全面通行止)","","","一般県道 日置川すさみ線","西牟婁郡白浜町日置","西牟婁郡白浜町日置","","その他","全面通行止","","2011/09/09 17:0:0","未定","西牟婁建設部","その他","橋梁損傷","","","終日","","","","有","国道42号","","135.451947226474","33.5681720527318","通行止"
"一般県道 佐本深谷三尾川線　古座川町長追(４トン超車両通行止め)","","","一般県道 佐本深谷三尾川線","古座川町長追","古座川町長追","","災害","４トン超車両通行止め","上下","2013/09/25 9:00","未定","串本建設部","路肩崩壊","","","","終日","","","","無","","","135.668952417551","33.5840954281757","大型車通行止"
"一般県道 佐本深谷三尾川線　古座川町長追(４トン超車両通行止め)","","","一般県道 佐本深谷三尾川線","古座川町長追","古座川町長追","","災害","４トン超車両通行止め","上下","2013/09/25 9:00","未定","串本建設部","路肩崩壊","","","","終日","","","","無","","","135.668685428543","33.5843704055232","大型車通行止"
"一般国道 311号　田辺市中辺路町栗栖川～真砂（旧道）(全面通行止（旧道）)","","","一般国道 311号","田辺市中辺路町栗栖川～真砂（旧道）","田辺市中辺路町栗栖川～真砂（旧道）","","その他","全面通行止（旧道）","上下","2015/05/12 12:00","未定","西牟婁建設部","その他","通行不能（旧道）","","","終日","","","","有","国道311号（新道）","","135.500873929909","33.7739647545234","通行止"
"一般国道 311号　田辺市中辺路町栗栖川～真砂（旧道）(全面通行止（旧道）)","","","一般国道 311号","田辺市中辺路町栗栖川～真砂（旧道）","田辺市中辺路町栗栖川～真砂（旧道）","","その他","全面通行止（旧道）","上下","2015/05/12 12:00","未定","西牟婁建設部","その他","通行不能（旧道）","","","終日","","","","有","国道311号（新道）","","135.499872023948","33.7722099894125","通行止"
"田辺市道　田辺市中辺路町福定(全面通行止)","","道路保全課","田辺市道","田辺市中辺路町福定","田辺市中辺路町近露","","","全面通行止","上下","2015/03/10 ","未定","","","","","","終日","","","","有","","","135.581160595156","33.8148150611664","通行止"
"田辺市道　田辺市中辺路町福定(全面通行止)","","道路保全課","田辺市道","田辺市中辺路町福定","田辺市中辺路町近露","","","全面通行止","上下","2015/03/10 ","未定","","","","","","終日","","","","有","","","135.587283957822","33.8145971574228","通行止"
"一般国道 424号　有田川町瀬井(2t超車両通行止)","","","一般国道 424号","有田川町瀬井","有田川町瀬井","","災害","2t超車両通行止","上下","2018/02/19 17:00","未定","有田建設部","路肩崩壊","","","","終日","","","2t超車両通行止","有","","","135.288006040348","34.1106673210586","片側規制"
"一般国道 424号　有田川町瀬井(2t超車両通行止)","","","一般国道 424号","有田川町瀬井","有田川町瀬井","","災害","2t超車両通行止","上下","2018/02/19 17:00","未定","有田建設部","路肩崩壊","","","","終日","","","2t超車両通行止","有","","","135.288743959711","34.1109592990612","片側規制"
"一般県道 芳養清川線　田辺市上芳養地内(全面通行止（旧道）)","","","一般県道 芳養清川線","田辺市上芳養地内","日高郡みなべ町清川地内","","旧道（通行不可）","全面通行止（旧道）","","2018/03/17 15:00","未定","日高建設部","その他","通行不可（旧道）","","","終日","","","","有","","新面谷トンネル供用開始のため、旧面谷トンネルを閉鎖し通行止めとする。","135.402600919041","33.8360983244827","通行止"
"一般県道 芳養清川線　田辺市上芳養地内(全面通行止（旧道）)","","","一般県道 芳養清川線","田辺市上芳養地内","日高郡みなべ町清川地内","","旧道（通行不可）","全面通行止（旧道）","","2018/03/17 15:00","未定","日高建設部","その他","通行不可（旧道）","","","終日","","","","有","","新面谷トンネル供用開始のため、旧面谷トンネルを閉鎖し通行止めとする。","135.404400755855","33.8390891390537","通行止"
"一般国道 169号　新宮市熊野川町玉置口(全面通行止め（旧道）)","","","一般国道 169号","新宮市熊野川町玉置口","新宮市熊野川町玉置口","","災害","全面通行止め（旧道）","","2012/07/13 14:0:0","未定","新宮建設部","法面崩壊","","","","終日","","","","有","","本区間は旧道の一部","135.871507379551","33.9070151696217","通行止"
"一般国道 169号　新宮市熊野川町玉置口(全面通行止め（旧道）)","","","一般国道 169号","新宮市熊野川町玉置口","新宮市熊野川町玉置口","","災害","全面通行止め（旧道）","","2012/07/13 14:0:0","未定","新宮建設部","法面崩壊","","","","終日","","","","有","","本区間は旧道の一部","135.871886334206","33.9059943095983","通行止"
"主要地方道 那智勝浦古座川線　那智勝浦町南平野(片側規制)","","","主要地方道 那智勝浦古座川線","那智勝浦町南平野","那智勝浦町南平野","","災害","片側規制","","2018/09/28 16:00","未定","新宮建設部","その他","法面損傷","","","終日","","","","無","","","135.877616695525","33.650150643664","片側規制"
"主要地方道 那智勝浦古座川線　那智勝浦町南平野(片側規制)","","","主要地方道 那智勝浦古座川線","那智勝浦町南平野","那智勝浦町南平野","","災害","片側規制","","2018/09/28 16:00","未定","新宮建設部","その他","法面損傷","","","終日","","","","無","","","135.876413790071","33.6510255229074","片側規制"
"一般国道 425号　田辺市龍神村小又川(４ｔ以上通行止)","","","一般国道 425号","田辺市龍神村小又川","田辺市龍神村小又川","","災害","４ｔ以上通行止","","2018/09/04 14:00","未定","西牟婁建設部","その他","路肩欠損のため","","","終日","","","","無","","","135.572198941338","33.952171397042","大型車通行止"
"一般国道 425号　田辺市龍神村小又川(４ｔ以上通行止)","","","一般国道 425号","田辺市龍神村小又川","田辺市龍神村小又川","","災害","４ｔ以上通行止","","2018/09/04 14:00","未定","西牟婁建設部","その他","路肩欠損のため","","","終日","","","","無","","","135.638928849588","33.9635704980943","大型車通行止"
"主要地方道 那智山勝浦線　那智勝浦町那智山(片側規制)","","","主要地方道 那智山勝浦線","那智勝浦町那智山","那智勝浦町那智山","","路肩崩壊","片側規制","","2019/11/25 8:00","未定","新宮建設部","路肩崩壊","","","","終日","","","","無","","","135.891224079791","33.6721611060639","片側規制"
"主要地方道 那智山勝浦線　那智勝浦町那智山(片側規制)","","","主要地方道 那智山勝浦線","那智勝浦町那智山","那智勝浦町那智山","","路肩崩壊","片側規制","","2019/11/25 8:00","未定","新宮建設部","路肩崩壊","","","","終日","","","","無","","","135.889347279218","33.6728269614164","片側規制"
"一般国道 371号　古座川町平井(全面通行止)","","","一般国道 371号","古座川町平井","古座川町平井","","災害","全面通行止","上下","2020/06/19 15:30","未定","串本建設部","落石","","","","終日","","","","無","","","135.682915944809","33.6640917099245","通行止"
"一般国道 371号　古座川町平井(全面通行止)","","","一般国道 371号","古座川町平井","古座川町平井","","災害","全面通行止","上下","2020/06/19 15:30","未定","串本建設部","落石","","","","終日","","","","無","","","135.673839571529","33.6691237922503","通行止"
"一般県道 野上清水線　紀美野町梅本(全面通行止)","","","一般県道 野上清水線","紀美野町梅本","紀美野町坂本","","災害","全面通行止","上下","2018/07/14 18:30","未定","海草建設部","法面崩壊","","","","終日","","","","無","","令和2年7月8日の大雨により、う回路としていた紀美野町道（坂本地内）が崩土等により通行止めとなっていますので、国道424号等を利用し、迂回してください。","135.334252229517","34.1152348932131","通行止"
"一般県道 野上清水線　紀美野町梅本(全面通行止)","","","一般県道 野上清水線","紀美野町梅本","紀美野町坂本","","災害","全面通行止","上下","2018/07/14 18:30","未定","海草建設部","法面崩壊","","","","終日","","","","無","","令和2年7月8日の大雨により、う回路としていた紀美野町道（坂本地内）が崩土等により通行止めとなっていますので、国道424号等を利用し、迂回してください。","135.347076284527","34.1173927419613","通行止"
"一般国道 424号　有田川町西ケ峯(片側交互通行)","","","一般国道 424号","有田川町西ケ峯","有田川町西ケ峯","","災害","片側交互通行","","2020/07/15","未定","有田建設部","路肩崩壊","","","","時間規制","8:00～17:00","","","無","","","135.28094004016","34.0953762565757","片側規制"
"一般国道 424号　有田川町西ケ峯(片側交互通行)","","","一般国道 424号","有田川町西ケ峯","有田川町西ケ峯","","災害","片側交互通行","","2020/07/15","未定","有田建設部","路肩崩壊","","","","時間規制","8:00～17:00","","","無","","","135.281170007471","34.0955692382344","片側規制"
"主要地方道 高野口野上線　紀美野町真国宮(片側交互通行)","","","主要地方道 高野口野上線","紀美野町真国宮","紀美野町蓑津呂","","災害","片側交互通行","上下","2020/07/30 16:00","未定","海草建設部","法面崩壊","片側通行","","","終日","","","","有","紀美野町道","8月7日午前9:00～12:00の間、工事による全面通行止めを実施します。その間はう回路のご利用をお願いします。","135.381921327999","34.1709369023197","片側規制"
"主要地方道 高野口野上線　紀美野町真国宮(片側交互通行)","","","主要地方道 高野口野上線","紀美野町真国宮","紀美野町蓑津呂","","災害","片側交互通行","上下","2020/07/30 16:00","未定","海草建設部","法面崩壊","片側通行","","","終日","","","","有","紀美野町道","8月7日午前9:00～12:00の間、工事による全面通行止めを実施します。その間はう回路のご利用をお願いします。","135.383772159769","34.1717618313708","片側規制"
"主要地方道 御坊中津線　日高川町上田原(終日全面通行止（迂回路有）)","","日高建設部","主要地方道 御坊中津線","日高川町上田原","日高川町上田原","","","終日全面通行止（迂回路有）","上下","2019/07/01 9:00","未定","","","","","","終日","","","","有","","","135.325151604011","33.9662409927244","通行止"
"主要地方道 御坊中津線　日高川町上田原(終日全面通行止（迂回路有）)","","日高建設部","主要地方道 御坊中津線","日高川町上田原","日高川町上田原","","","終日全面通行止（迂回路有）","上下","2019/07/01 9:00","未定","","","","","","終日","","","","有","","","135.32588147619","33.9693846697697","通行止"
"一般国道 480号　有田川町遠井(片側交互通行)","","","一般国道 480号","有田川町遠井","有田川町遠井","","災害","片側交互通行","","2020/07/10 19:00","未定","有田建設部","法面崩壊","","","","終日","","","","無","","","135.399930882494","34.0976374784744","片側規制"
"一般国道 480号　有田川町遠井(片側交互通行)","","","一般国道 480号","有田川町遠井","有田川町遠井","","災害","片側交互通行","","2020/07/10 19:00","未定","有田建設部","法面崩壊","","","","終日","","","","無","","","135.398494006814","34.0975444858188","片側規制"
"一般国道 371号　古座川町平井(全面通行止)","","","一般国道 371号","古座川町平井","古座川町平井","","災害","全面通行止","上下","2019/01/26 17:00","未定","串本建設部","路肩崩壊","","","","終日","","","","無","","","135.665165047905","33.6810638559576","通行止"
"一般国道 371号　古座川町平井(全面通行止)","","","一般国道 371号","古座川町平井","古座川町平井","","災害","全面通行止","上下","2019/01/26 17:00","未定","串本建設部","路肩崩壊","","","","終日","","","","無","","","135.673902565198","33.6692027842982","通行止"
"一般県道 花園美里線　かつらぎ町花園梁瀬(片側交互通行)","","伊都建設部","一般県道 花園美里線","かつらぎ町花園梁瀬","かつらぎ町花園梁瀬","","","片側交互通行","上下","2019/11/13 9:00","2021/04/30 17:00","","","","","","終日","","","","無","","","135.510899284742","34.1435990552682","片側規制"
"一般県道 花園美里線　かつらぎ町花園梁瀬(片側交互通行)","","伊都建設部","一般県道 花園美里線","かつらぎ町花園梁瀬","かつらぎ町花園梁瀬","","","片側交互通行","上下","2019/11/13 9:00","2021/04/30 17:00","","","","","","終日","","","","無","","","135.510512241339","34.1461487497759","片側規制"
"一般県道 比井紀伊内原停車場線　日高町比井(片側規制)","","","一般県道 比井紀伊内原停車場線","日高町比井","日高町比井","","災害","片側規制","","2020/10/10","未定","日高建設部","その他","崩土","","","終日","","","","有","","","135.084352605767","33.9206879913072","片側規制"
"一般県道 比井紀伊内原停車場線　日高町比井(片側規制)","","","一般県道 比井紀伊内原停車場線","日高町比井","日高町比井","","災害","片側規制","","2020/10/10","未定","日高建設部","その他","崩土","","","終日","","","","有","","","135.085288528153","33.9207009934522","片側規制"
"主要地方道 有田湯浅線　有田市千田(片側交互通行)","","","主要地方道 有田湯浅線","有田市千田","有田市千田","","落石","片側交互通行","上下","2020/10/10 9:00","未定","有田建設部","落石","","","","終日","","","","有","国道42号","","135.138034513138","34.0581710566811","片側規制"
"主要地方道 有田湯浅線　有田市千田(片側交互通行)","","","主要地方道 有田湯浅線","有田市千田","有田市千田","","落石","片側交互通行","上下","2020/10/10 9:00","未定","有田建設部","落石","","","","終日","","","","有","国道42号","","135.138217503663","34.057821111625","片側規制"
"主要地方道 那智勝浦熊野川線　新宮市熊野川町西(※2t超車両通行止)","","","主要地方道 那智勝浦熊野川線","新宮市熊野川町西","新宮市熊野川町西","","災害","※2t超車両通行止","上下","2020/10/01","未定","新宮建設部","法面崩壊","","","","終日","","","","無","","","135.832410561784","33.7569661658694","大型車通行止"
"主要地方道 那智勝浦熊野川線　新宮市熊野川町西(※2t超車両通行止)","","","主要地方道 那智勝浦熊野川線","新宮市熊野川町西","新宮市熊野川町西","","災害","※2t超車両通行止","上下","2020/10/01","未定","新宮建設部","法面崩壊","","","","終日","","","","無","","","135.831280648263","33.7572790980842","大型車通行止"
"一般国道 370号　紀美野町鎌滝(片側交互通行)","","海草建設部","一般国道 370号","紀美野町鎌滝","紀美野町鎌滝","","","片側交互通行","上下","2021/01/18","2021/07/31","","","","","","終日","","","","無","","","135.380572910267","34.1438652473549","片側規制"
"一般国道 370号　紀美野町鎌滝(片側交互通行)","","海草建設部","一般国道 370号","紀美野町鎌滝","紀美野町鎌滝","","","片側交互通行","上下","2021/01/18","2021/07/31","","","","","","終日","","","","無","","","135.38348067161","34.1432913796254","片側規制"
"一般県道 滝切目停車場線　みなべ町滝(終日全面通行止)","","日高建設部","一般県道 滝切目停車場線","みなべ町滝","みなべ町滝","","","終日全面通行止","上下","2020/4/17","2021/08/10 17:00","","","","","","終日","","","","有","","","135.341185491356","33.8472479272012","通行止"
"一般県道 滝切目停車場線　みなべ町滝(終日全面通行止)","","日高建設部","一般県道 滝切目停車場線","みなべ町滝","みなべ町滝","","","終日全面通行止","上下","2020/4/17","2021/08/10 17:00","","","","","","終日","","","","有","","","135.342018430454","33.846639999446","通行止"
"一般県道 たかの金屋線　日高川町高津尾(終日全面通行止（迂回路有）)","","日高建設部","一般県道 たかの金屋線","日高川町高津尾","日高川町高津尾","(有)大幸","","終日全面通行止（迂回路有）","上下","2021/02/25 9:00","2021/08/02 17:00","","","","","","終日","","","","有","","","135.296899739971","33.9749647939911","通行止"
"一般県道 たかの金屋線　日高川町高津尾(終日全面通行止（迂回路有）)","","日高建設部","一般県道 たかの金屋線","日高川町高津尾","日高川町高津尾","(有)大幸","","終日全面通行止（迂回路有）","上下","2021/02/25 9:00","2021/08/02 17:00","","","","","","終日","","","","有","","","135.296777733054","33.9755597285398","通行止"
"一般国道 480号　高野町高野山(片側交互通行)","","伊都建設部","一般国道 480号","高野町高野山","高野町高野山","","","片側交互通行","上下","2020/04/30 9:00","2022/01/24 17:00","","","","","","終日","","","","無","","","135.567684923316","34.2174507840701","片側規制"
"一般国道 480号　高野町高野山(片側交互通行)","","伊都建設部","一般国道 480号","高野町高野山","高野町高野山","","","片側交互通行","上下","2020/04/30 9:00","2022/01/24 17:00","","","","","","終日","","","","無","","","135.572544614334","34.2129322967373","片側規制"
"一般国道 480号　高野町花坂(片側交互通行)","","伊都建設部","一般国道 480号","高野町花坂","高野町高野山","","","片側交互通行","上下","2021/04/13 9:00","2021/09/09 17:00","","","","","","終日","","","","無","","","135.536532199286","34.2149322788226","片側規制"
"一般国道 480号　高野町花坂(片側交互通行)","","伊都建設部","一般国道 480号","高野町花坂","高野町高野山","","","片側交互通行","上下","2021/04/13 9:00","2021/09/09 17:00","","","","","","終日","","","","無","","","135.537270159354","34.2141403530959","片側規制"
"一般県道 芳養清川線　みなべ町清川(通行止)","","日高建設部","一般県道 芳養清川線","みなべ町清川","みなべ町清川","株式会社南部建設","","通行止","上下","2021/04/26","2021/12/03 17:00","","","","","時間規制通行止","時間規制","時間規制通行止(9:00-12:00","","15:15-17:00)※4t超車両終日通行止","無","","","135.406469757243","33.8413000115466","通行止"
"一般県道 芳養清川線　みなべ町清川(通行止)","","日高建設部","一般県道 芳養清川線","みなべ町清川","みなべ町清川","株式会社南部建設","","通行止","上下","2021/04/26","2021/12/03 17:00","","","","","時間規制通行止","時間規制","時間規制通行止(9:00-12:00","","15:15-17:00)※4t超車両終日通行止","無","","","135.406817942961","33.8421244188772","通行止"
"一般国道 424号　有田川町西ケ峯(全面通行止)","","有田建設部","一般国道 424号","有田川町西ケ峯","有田川町西ケ峯","三洋建設株式会社","","全面通行止","上下","2020/08/17 8:15","2021/06/30 17:15","","","","日曜除く","","時間規制","8:15～17:15","緊急車両除く","","有","","","135.282157922919","34.0927196831812","通行止"
"一般国道 424号　有田川町西ケ峯(全面通行止)","","有田建設部","一般国道 424号","有田川町西ケ峯","有田川町西ケ峯","三洋建設株式会社","","全面通行止","上下","2020/08/17 8:15","2021/06/30 17:15","","","","日曜除く","","時間規制","8:15～17:15","緊急車両除く","","有","","","135.28201993231","34.0932695985678","通行止"
"一般国道 424号　有田川町小川(片側規制)","","有田建設部","一般国道 424号","有田川町小川","有田川町有原","","","片側規制","上下","2018/05/16 9:00","2021/08/31 17:00","","","","","","終日","","","","無","","","135.281320186106","34.0805135303144","片側規制"
"一般国道 424号　有田川町小川(片側規制)","","有田建設部","一般国道 424号","有田川町小川","有田川町有原","","","片側規制","上下","2018/05/16 9:00","2021/08/31 17:00","","","","","","終日","","","","無","","","135.281650129579","34.082068285757","片側規制"
"一般県道 井関御坊線　広川町上津木(片側交互通行)","","有田建設部","一般県道 井関御坊線","広川町上津木","広川町上津木","木戸組・篠原組","","片側交互通行","上下","2021/04/26 9:00","2021/10/25 17:00","","","","","","終日","","","","無","","","135.210459990272","33.9700752962878","片側規制"
"一般県道 井関御坊線　広川町上津木(片側交互通行)","","有田建設部","一般県道 井関御坊線","広川町上津木","広川町上津木","木戸組・篠原組","","片側交互通行","上下","2021/04/26 9:00","2021/10/25 17:00","","","","","","終日","","","","無","","","135.208679166075","33.9694263460981","片側規制"
"一般国道 480号　有田川町久野原(片側交互通行)","","有田建設部","一般国道 480号","有田川町久野原","有田川町清水","まる陽組、株式会社辻本組、株式会社中屋組","","片側交互通行","上下","2020/12/14","2022/03/31 17:00","","","","","","終日","","","","無","","","135.447196137702","34.0873590314148","片側規制"
"一般国道 480号　有田川町久野原(片側交互通行)","","有田建設部","一般国道 480号","有田川町久野原","有田川町清水","まる陽組、株式会社辻本組、株式会社中屋組","","片側交互通行","上下","2020/12/14","2022/03/31 17:00","","","","","","終日","","","","無","","","135.442893519071","34.0871050325142","片側規制"
"主要地方道 那智勝浦熊野川線　新宮市熊野川町西(時間通行規制)","","新宮建設部","主要地方道 那智勝浦熊野川線","新宮市熊野川町西","新宮市熊野川町西","","","時間通行規制","上下","2021/05/17 9:00","2021/09/30 16:30","","","","日祝除く","","時間規制","9：00～10：30、10：45～12：00、13：00～14：30、14：45～16：30","","","無","","","135.832460559206","33.7568981757478","通行止"
"主要地方道 那智勝浦熊野川線　新宮市熊野川町西(時間通行規制)","","新宮建設部","主要地方道 那智勝浦熊野川線","新宮市熊野川町西","新宮市熊野川町西","","","時間通行規制","上下","2021/05/17 9:00","2021/09/30 16:30","","","","日祝除く","","時間規制","9：00～10：30、10：45～12：00、13：00～14：30、14：45～16：30","","","無","","","135.831248650075","33.7573150927612","通行止"
"一般県道 芳養清川線　みなべ町清川(時間制限通行止(4t超車両終日))","","日高建設部","一般県道 芳養清川線","みなべ町清川","みなべ町清川","株式会社小林建設","","時間制限通行止(4t超車両終日)","上下","2021/05/20","2022/01/16","","","","日曜除く","","時間規制","規制時間9:00-12:00、13:00-15:00、15:15-17:00","","","無","","","135.406813162946","33.842179392728","通行止"
"一般県道 芳養清川線　みなべ町清川(時間制限通行止(4t超車両終日))","","日高建設部","一般県道 芳養清川線","みなべ町清川","みなべ町清川","株式会社小林建設","","時間制限通行止(4t超車両終日)","上下","2021/05/20","2022/01/16","","","","日曜除く","","時間規制","規制時間9:00-12:00、13:00-15:00、15:15-17:00","","","無","","","135.406810986529","33.8428871549209","通行止"
"一般県道 古座川熊野川線　新宮市熊野川町畝畑(通行止)","","","一般県道 古座川熊野川線","新宮市熊野川町畝畑","新宮市熊野川町畝畑","","崩土","通行止","上下","2021/05/21 15:00","未定","新宮建設部","その他","崩土","","","終日","","","","有","古座川町松根方面へ","","135.824198101624","33.7629892239266","通行止"
"一般県道 古座川熊野川線　新宮市熊野川町畝畑(通行止)","","","一般県道 古座川熊野川線","新宮市熊野川町畝畑","新宮市熊野川町畝畑","","崩土","通行止","上下","2021/05/21 15:00","未定","新宮建設部","その他","崩土","","","終日","","","","有","古座川町松根方面へ","","135.81959949749","33.7630891094425","通行止"
"一般県道 温川田辺線　田辺市中辺路町水上(全面通行止)","","","一般県道 温川田辺線","田辺市中辺路町水上","田辺市中辺路町水上","","災害","全面通行止","上下","2021/05/24 11:00","未定","西牟婁建設部","法面崩壊","崩土","","","終日","","","","有","県道龍神中辺路線、国道311号、県道上富田南部線","","135.482207563199","33.8263355556598","通行止"
"一般県道 温川田辺線　田辺市中辺路町水上(全面通行止)","","","一般県道 温川田辺線","田辺市中辺路町水上","田辺市中辺路町水上","","災害","全面通行止","上下","2021/05/24 11:00","未定","西牟婁建設部","法面崩壊","崩土","","","終日","","","","有","県道龍神中辺路線、国道311号、県道上富田南部線","","135.483670455995","33.8245777514335","通行止"
"一般国道 169号　北山村下尾井(時間制限通行止)","","新宮建設部","一般国道 169号","北山村下尾井","北山村下尾井","","","時間制限通行止","上下","2021/06/01 22:00","2021/11/06 5:00","","","","土日祝除く","","時間規制","22:00～翌朝5:00","","","有","","","135.925362363126","33.9354269255455","通行止"
"一般国道 169号　北山村下尾井(時間制限通行止)","","新宮建設部","一般国道 169号","北山村下尾井","北山村下尾井","","","時間制限通行止","上下","2021/06/01 22:00","2021/11/06 5:00","","","","土日祝除く","","時間規制","22:00～翌朝5:00","","","有","","","135.926899169528","33.9375076570851","通行止"
"一般国道 424号　みなべ町清川(終日全面通行止（迂回路有り）)","","日高建設部","一般国道 424号","みなべ町清川","みなべ町清川","（株）清水組","","終日全面通行止（迂回路有り）","上下","2020/11/2","2021/08/29 17:00","","","","","","終日","","","","有","","","135.391215479794","33.8526237501522","通行止"
"一般国道 424号　みなべ町清川(終日全面通行止（迂回路有り）)","","日高建設部","一般国道 424号","みなべ町清川","みなべ町清川","（株）清水組","","終日全面通行止（迂回路有り）","上下","2020/11/2","2021/08/29 17:00","","","","","","終日","","","","有","","","135.391404463105","33.8524837690398","通行止"
"一般国道 371号　古座川町平井(時間制限通行止め及び重量制限（車両総重量５ｔ以上）)","","串本建設部","一般国道 371号","古座川町平井","古座川町平井","","","時間制限通行止め及び重量制限（車両総重量５ｔ以上）","上下","2020/12/01 9:00","2022/03/31 17:00","","","","日祝除く","","時間規制","9:00～10:00、10:15～12:00、13:00～14:40、14:55～17:00","緊急車両除く","","有","国道371号、町道佐田下露線、県道古座川熊野川線、町道下露平井線","","135.688768606149","33.6199668417826","通行止"
"一般国道 371号　古座川町平井(時間制限通行止め及び重量制限（車両総重量５ｔ以上）)","","串本建設部","一般国道 371号","古座川町平井","古座川町平井","","","時間制限通行止め及び重量制限（車両総重量５ｔ以上）","上下","2020/12/01 9:00","2022/03/31 17:00","","","","日祝除く","","時間規制","9:00～10:00、10:15～12:00、13:00～14:40、14:55～17:00","緊急車両除く","","有","国道371号、町道佐田下露線、県道古座川熊野川線、町道下露平井線","","135.688833613103","33.6207457475488","通行止"
"一般国道 371号　古座川町平井(全面通行止)","","","一般国道 371号","古座川町平井","古座川町添野川","","災害","全面通行止","","2021/6/2","未定","串本建設部","路肩崩壊","","","","終日","","","","有","","","135.692493463616","33.6348121931239","通行止"
"一般国道 371号　古座川町平井(全面通行止)","","","一般国道 371号","古座川町平井","古座川町添野川","","災害","全面通行止","","2021/6/2","未定","串本建設部","路肩崩壊","","","","終日","","","","有","","","135.685513840717","33.6031817083459","通行止"
"一般国道 168号　新宮市相賀(片側交互通行)","","新宮建設部","一般国道 168号","新宮市相賀","新宮市相賀","","","片側交互通行","上下","2020/03/16","2021/12/27","","","","","","終日","","","","無","","","135.937699595678","33.749653975701","片側規制"
"一般国道 168号　新宮市相賀(片側交互通行)","","新宮建設部","一般国道 168号","新宮市相賀","新宮市相賀","","","片側交互通行","上下","2020/03/16","2021/12/27","","","","","","終日","","","","無","","","135.938001613684","33.745726392949","片側規制"
"一般県道 生石公園線　有田川町彦ケ瀬(全面通行止)","","有田建設部","一般県道 生石公園線","有田川町彦ケ瀬","有田川町瀬井","株式会社木根電設","","全面通行止","上下","2021/06/14","2021/10/04","","","","","","終日","","","","有","","","135.29264354415","34.1140499834271","通行止"
"一般県道 生石公園線　有田川町彦ケ瀬(全面通行止)","","有田建設部","一般県道 生石公園線","有田川町彦ケ瀬","有田川町瀬井","株式会社木根電設","","全面通行止","上下","2021/06/14","2021/10/04","","","","","","終日","","","","有","","","135.292023607573","34.112307199008","通行止"
"一般県道 平瀬上三栖線　田辺市中辺路町西谷(通行止)","","西牟婁建設部","一般県道 平瀬上三栖線","田辺市中辺路町西谷","田辺市上野","株式会社タイリュウ建設","","通行止","上下","2021/07/01 8:00","2022/02/08 17:00","","","","","","終日","","","","有","国道311号、上野岩田線、上富田南部線","","135.480582932991","33.7732685927342","通行止"
"一般県道 平瀬上三栖線　田辺市中辺路町西谷(通行止)","","西牟婁建設部","一般県道 平瀬上三栖線","田辺市中辺路町西谷","田辺市上野","株式会社タイリュウ建設","","通行止","上下","2021/07/01 8:00","2022/02/08 17:00","","","","","","終日","","","","有","国道311号、上野岩田線、上富田南部線","","135.468734168283","33.7675843217359","通行止"
"一般国道 169号　新宮市熊野川町玉置口(時間制限通行止)","","新宮建設部","一般国道 169号","新宮市熊野川町玉置口","新宮市熊野川町玉置口","","","時間制限通行止","上下","2021/07/12 9:00","2021/08/06 16:30","","","","日祝除く","","時間規制","9：00～10：15、10：30～12：00、13：00～14：30、14：45～16：30","","","無","","","135.8806956111","33.8953985950952","通行止"
"一般国道 169号　新宮市熊野川町玉置口(時間制限通行止)","","新宮建設部","一般国道 169号","新宮市熊野川町玉置口","新宮市熊野川町玉置口","","","時間制限通行止","上下","2021/07/12 9:00","2021/08/06 16:30","","","","日祝除く","","時間規制","9：00～10：15、10：30～12：00、13：00～14：30、14：45～16：30","","","無","","","135.881543536361","33.8950666448809","通行止"
"一般国道 371号　古座川町真砂(時間通行規制)","","串本建設部","一般国道 371号","古座川町真砂","古座川町真砂","","","時間通行規制","上下","2021/07/12 22:00","2021/08/03 5:00","","","","土日祝除く","","時間規制","22：00～23：00、23：15～1：45、2：15～3：30、3：45～5：00","緊急車両除く","","有","国道371号、県道串本古座川線、国道42号、県道上富田すさみ線、県道すさみ古座線、国道371号","","135.689256937563","33.585375523534","通行止"
"一般国道 371号　古座川町真砂(時間通行規制)","","串本建設部","一般国道 371号","古座川町真砂","古座川町真砂","","","時間通行規制","上下","2021/07/12 22:00","2021/08/03 5:00","","","","土日祝除く","","時間規制","22：00～23：00、23：15～1：45、2：15～3：30、3：45～5：00","緊急車両除く","","有","国道371号、県道串本古座川線、国道42号、県道上富田すさみ線、県道すさみ古座線、国道371号","","135.691004798701","33.5864384233268","通行止"
"一般国道 480号　高野町高野山(片側交互通行)","","伊都建設部","一般国道 480号","高野町高野山","高野町高野山","","","片側交互通行","上下","2021/03/22 8:00","2021/08/07 9:00","","","","","","終日","","","","無","","","135.549644283525","34.2139241438377","片側規制"
"一般国道 480号　高野町高野山(片側交互通行)","","伊都建設部","一般国道 480号","高野町高野山","高野町高野山","","","片側交互通行","上下","2021/03/22 8:00","2021/08/07 9:00","","","","","","終日","","","","無","","","135.549694230934","34.2161569420878","片側規制"
"主要地方道 田辺龍神線　田辺市上秋津(全面通行止（仮設道により通行可）)","","","主要地方道 田辺龍神線","田辺市上秋津","田辺市上秋津","","災害","全面通行止（仮設道により通行可）","","2021/07/12 14:00","未定","西牟婁建設部","その他","落石の恐れ","","","終日","","","","有","県道田辺龍神線（仮設道）","仮設道により通行可","135.412580071712","33.7715055626391","通行止"
"主要地方道 田辺龍神線　田辺市上秋津(全面通行止（仮設道により通行可）)","","","主要地方道 田辺龍神線","田辺市上秋津","田辺市上秋津","","災害","全面通行止（仮設道により通行可）","","2021/07/12 14:00","未定","西牟婁建設部","その他","落石の恐れ","","","終日","","","","有","県道田辺龍神線（仮設道）","仮設道により通行可","135.412477003705","33.7771828147842","通行止"
"一般国道 424号　有田川町西ケ峯(通行止)","","有田建設部","一般国道 424号","有田川町西ケ峯","有田川町西ケ峯","桑原組、木下建設","","通行止","上下","2021/03/12","2021/11/26","","","","","","終日","","","","有","","","135.28154901168","34.0920597580374","通行止"
"一般国道 424号　有田川町西ケ峯(通行止)","","有田建設部","一般国道 424号","有田川町西ケ峯","有田川町西ケ峯","桑原組、木下建設","","通行止","上下","2021/03/12","2021/11/26","","","","","","終日","","","","有","","","135.281982948987","34.0924947097673","通行止"
"一般県道 印南停車場線　印南町印南(全面通行止)","","日高建設部","一般県道 印南停車場線","印南町印南","印南町印南","株式会社千代徳組","","全面通行止","上下","2021/08/25 9:00","2021/08/27 17:00","","","","","","時間規制","9:00-17:00","","","有","","","135.218385411366","33.8136576681551","通行止"
"一般県道 印南停車場線　印南町印南(全面通行止)","","日高建設部","一般県道 印南停車場線","印南町印南","印南町印南","株式会社千代徳組","","全面通行止","上下","2021/08/25 9:00","2021/08/27 17:00","","","","","","時間規制","9:00-17:00","","","有","","","135.218576390259","33.8138496531448","通行止"
"一般県道 上初湯川皆瀬線　日高川町愛川(終日)","","日高建設部","一般県道 上初湯川皆瀬線","日高川町愛川","日高川町上初湯川","株式会社市川組","","終日","上下","2021/08/09","2022/02/08","","","","","","終日","","","","有","","","135.392421205076","33.9922412741129","通行止"
"一般県道 上初湯川皆瀬線　日高川町愛川(終日)","","日高建設部","一般県道 上初湯川皆瀬線","日高川町愛川","日高川町上初湯川","株式会社市川組","","終日","上下","2021/08/09","2022/02/08","","","","","","終日","","","","有","","","135.395206899857","33.9931851990093","通行止"
"一般国道 371号　古座川町平井(全面通行止)","","串本建設部","一般国道 371号","古座川町平井","古座川町平井","小森組","","全面通行止","上下","2021/07/31 9:00","2021/08/09 17:00","","","","日曜除く","","時間規制","9:00～10:00、10:15～12:00、13:00～14:40、14:55～17:00","緊急車両除く","","有","","","135.691745521875","33.6349081648678","通行止"
"一般国道 371号　古座川町平井(全面通行止)","","串本建設部","一般国道 371号","古座川町平井","古座川町平井","小森組","","全面通行止","上下","2021/07/31 9:00","2021/08/09 17:00","","","","日曜除く","","時間規制","9:00～10:00、10:15～12:00、13:00～14:40、14:55～17:00","緊急車両除く","","有","","","135.686372848326","33.644468072755","通行止"
"一般県道 温川田辺線　田辺市伏菟野(時間制限通行止22:00～5:00)","","西牟婁建設部","一般県道 温川田辺線","田辺市伏菟野","田辺市長野","","","時間制限通行止22:00～5:00","上下","2021/07/26 22:00","2021/08/12 5:00","","","","","土日除く","夜間","22:00～5:00","緊急車両除く","","有","県道田辺龍神線、長野上秋津線","","135.439098526245","33.7867878115458","通行止"
"一般県道 温川田辺線　田辺市伏菟野(時間制限通行止22:00～5:00)","","西牟婁建設部","一般県道 温川田辺線","田辺市伏菟野","田辺市長野","","","時間制限通行止22:00～5:00","上下","2021/07/26 22:00","2021/08/12 5:00","","","","","土日除く","夜間","22:00～5:00","緊急車両除く","","有","県道田辺龍神線、長野上秋津線","","135.441999653822","33.7712088811358","通行止"
"一般県道 芳養清川線　田辺市中芳養(通行止)","","西牟婁建設部","一般県道 芳養清川線","田辺市中芳養","田辺市上芳養","丸山組","","通行止","上下","2021/08/03 8:00","2021/08/10 17:00","","","","日祝除く","","時間規制","","緊急車両除く","","有","市道上芳養芳養町1号","","135.35768246427","33.7926561241128","通行止"
"一般県道 芳養清川線　田辺市中芳養(通行止)","","西牟婁建設部","一般県道 芳養清川線","田辺市中芳養","田辺市上芳養","丸山組","","通行止","上下","2021/08/03 8:00","2021/08/10 17:00","","","","日祝除く","","時間規制","","緊急車両除く","","有","市道上芳養芳養町1号","","135.357697453423","33.7935970129736","通行止"
"主要地方道 有田湯浅線　有田市千田(長さ12mを超える車両のみ通行止)","","有田建設部","主要地方道 有田湯浅線","有田市千田","有田市千田","匠建設","","長さ12mを超える車両のみ通行止","上下","2020/07/09 12:00","2021/09/30 17:00","","","","","","終日","","","","有","","","135.137984457007","34.060156768241","大型車通行止"
"主要地方道 有田湯浅線　有田市千田(長さ12mを超える車両のみ通行止)","","有田建設部","主要地方道 有田湯浅線","有田市千田","有田市千田","匠建設","","長さ12mを超える車両のみ通行止","上下","2020/07/09 12:00","2021/09/30 17:00","","","","","","終日","","","","有","","","135.137575428133","34.0624814232123","大型車通行止"
